Brand,Model,Post Count
Honda,Accord,95
Toyota,Corolla,64
Toyota,Camry,63
Ford,Focus,36
Hyundai,Elantra,36
Ford,Fusion,31
Dodge,Charger,26
Honda,Pilot,24
Audi,A4,24
Ford,Fiesta,23
Toyota,Rav4,22
Hyundai,Sonata,21
Audi,A3,21
Ford,Explorer,20
Hyundai,Santa Fe,18
Honda,Cr-V,17
Acura,Mdx,17
Kia,Soul,16
Dodge,Ram,16
Kia,Sportage,14
Jeep,Grand Cherokee,14
Ford,Mustang,14
Kia,Sorento,14
Jeep,Cherokee,14
Jeep,Compass,13
Buick,Lesabre,12
Jeep,Wrangler,12
Ford,Edge,12
Acura,Rdx,11
Lexus,Es,11
Buick,Encore,11
Lexus,Is,11
Lexus,Rx,11
Audi,A5,11
Hyundai,Tucson,11
Chrysler,300,10
Acura,Tlx,10
Hyundai,Accent,10
Buick,Century,9
Chrysler,Pacifica,9
Bmw,3 Series,9
Kia,Forte,9
Bmw,5 Series,9
Kia,Rio,9
Hyundai,Genesis,8
Honda,Hr-V,8
Acura,Ilx,8
Dodge,Grand Caravan,8
Hyundai,Kona,8
Cadillac,Cts,8
Dodge,Durango,8
Buick,Enclave,7
Bmw,X5,7
Audi,A6,7
Honda,Odyssey,7
Lexus,Gs,7
Dodge,Journey,7
Dodge,Challenger,6
Buick,Regal,6
Audi,R8,6
Dodge,Dakota,6
Dodge,Caravan,5
Dodge,Avenger,5
Bmw,328I,5
Fiat,500,5
Audi,S5,5
Gmc,Terrain,5
Hyundai,Veloster,5
Ford,Escort,5
Daewoo,Lanos,5
Audi,Q5,5
Bmw,X3,5
Gmc,Acadia,4
Audi,Q3,4
Gmc,Yukon,4
Ford,Mondeo,4
Cadillac,Lyriq,4
Audi,S3,4
Kia,K5,4
Acura,Zdx,4
Chrysler,200,4
Dodge,Caliber,4
Alfa Romeo,Giulia,4
Cadillac,Ct5,4
Kia,Seltos,3
Buick,Lucerne,3
Lincoln,Mkz,3
Bmw,M4,3
Infiniti,Qx80,3
Infiniti,Qx60,3
Audi,Q7,3
Cadillac,Escalade,3
Lexus,Lx,3
Honda,Passport,3
Honda,Prologue,3
Audi,Tt,3
Gmc,Sierra 1500,3
Cadillac,Vistiq,3
Cadillac,Srx,3
Bmw,M5,3
Bmw,M3,3
Bmw,Z4,3
Alfa Romeo,Spider,3
Buick,Lacrosse,3
Fiat,Punto,3
Audi,S4,3
Gmc,Canyon,3
Acura,Nsx,3
Honda,Civic Sedan,3
Kia,Niro,3
Bmw,4 Series,2
Hyundai,I30,2
Lexus,Rc,2
Alpine,A290,2
Fiat,Panda,2
Lexus,Rz,2
Lotus,Elise,2
Dodge,Dart,2
Lincoln,Aviator,2
Bmw,Ix,2
Bmw,I4,2
Dodge,Hornet,2
Jaguar,F-Pace,2
Cadillac,Ct6,2
Audi,Q2,2
Bmw,330I,2
Hyundai,Ioniq,2
Jeep,Renegade,2
Cupra,Ateca,2
Honda,Ridgeline,2
Honda,Civic Hatchback,2
Buick,Verano,2
Alfa Romeo,Giulietta,2
Bmw,320I,2
Ford,C-Max,2
Holden,Commodore,2
Bmw,540I,2
Bmw,428I,2
Kia,Picanto,2
Kia,Telluride,2
Hyundai,I20,2
Holden,Barina,2
Gmc,Sonoma,2
Infiniti,Q50,2
Cadillac,Ats,2
Chrysler,Sebring,2
Citroën,C1,2
Audi,Rs3,2
Fiat,Tipo,2
Cupra,Formentor,2
Audi,80,2
Audi,A8,2
Lincoln,Navigator,2
Dodge,Viper,2
Dodge,Nitro,1
Audi,Rs E-Tron Gt,1
Bentley,Continental,1
Cadillac,Ct4,1
Alpina,B7,1
Chrysler,Voyager,1
Lancia,Ypsilon,1
Bmw,128I,1
Hyundai,Azera,1
Ford,Ecosport,1
Datsun,280Z,1
Cadillac,Xt6,1
Ford,Ka,1
Bmw,535I,1
Chrysler,Lhs,1
Fiat,Ducato,1
Kia,Stinger,1
Cadillac,Deville,1
Alfa Romeo,Stelvio,1
Chrysler,Town & Country,1
Jaguar,Xj,1
Citroën,Berlingo,1
Bmw,118I,1
Bmw,M8,1
Aston Martin,Db7,1
Alpina,B3,1
Aston Martin,Db12,1
Jaguar,I-Pace,1
Bmw,2 Series,1
Koenigsegg,Jesko,1
Lexus,Ls,1
Fiat,X1/9,1
Bugatti,Bolide,1
Ferrari,F355,1
Lotus,Emira,1
Isuzu,Trooper,1
Cadillac,Eldorado,1
Dacia,Spring,1
Bugatti,Divo,1
Gmc,Safari,1
Daihatsu,Move,1
Ferrari,Roma,1
Aston Martin,Vantage,1
Bac,Mono,1
Alfa Romeo,4C,1
De Tomaso,P72,1
Bmw,318I,1
Gmc,Hummer Ev,1
Bmw,I5,1
Audi,100,1
Dodge,Neon,1
Bmw,X4,1
Hyundai,Palisade,1
Fiat,Strada,1
Alpine,A110,1
Buick,Skylark,1
Kia,Ev9,1
Chrysler,300M,1
Lincoln,Corsair,1
Jaguar,F-Type,1
Ford,Transit Connect,1
Chrysler,Concorde,1
Ford,Kuga,1
Dacia,Duster,1
Fisker,Karma,1
Genesis,G80,1
Dacia,Logan,1
Cadillac,Xt5,1
Bmw,X2,1
Bmw,118D,1
Genesis,G70,1
Lincoln,Mkx,1
Buick,Envision,1
Dacia,Supernova,1
Bmw,7 Series,1
Lincoln,Nautilus,1
Buick,Reatta,1
Fiat,500L,1
Dodge,Magnum,1
Bmw,M240I,1
Hyundai,I10,1
Bmw,528I,1
Cupra,Leon,1
Fiat,Grande Punto,1
Chrysler,Lebaron,1
Lincoln,Town Car,1
Hyundai,Verna,1
Bmw,I3,1
Bmw,750I,1
Alpina,Xd4,1
Lexus,Tx,1
Audi,Q8,1
Infiniti,Q40,1
Cadillac,Xt4,1
Genesis,Gv70,1
Kia,Ev6,1
Lexus,Lfa,1
Citroën,Ds4,1
Lexus,Nx,1
Holden,Astra,1
Infiniti,Qx50,1
Bmw,323I,1
Chrysler,New Yorker,1
Bmw,325I,1
Dodge,Spirit,1
Buick,Riviera,1
Ferrari,360 Spider,1
Chrysler,Crossfire,1
Buick,Rainier,1
Jaguar,Xe,1
Buick,Cascada,1
Buick,Park Avenue,1
Bmw,335I,1
Ferrari,308 Gts,1
Bmw,550I,1
Bmw,530E,1
Byd,Dolphin,1
